<?xml version="1.0" encoding="utf-8" ?><dwsync><file name="index.html" server="favoritecitytour.com" local="3684783208" remote="3684787920" Dst="-1" /><file name="favorite-styles.css" server="favoritecitytour.com" local="3684792693" remote="3684793560" Dst="-1" /><file name="cruises.html" server="favoritecitytour.com" local="3684774006" remote="3684790080" Dst="-1" /><file name="home.html" server="favoritecitytour.com" local="3656424231" remote="3684790080" Dst="-1" /><file name="contact-us.html" server="favoritecitytour.com" local="3684466007" remote="3684790140" Dst="-1" /><file name="about-us.html" server="favoritecitytour.com" local="3684792692" remote="3684793560" Dst="-1" /><file name="events.html" server="favoritecitytour.com" local="3684465781" remote="3684790140" Dst="-1" /><file name="tours.html" server="favoritecitytour.com" local="3684466007" remote="3684790140" Dst="-1" /></dwsync>