<?xml version="1.0" encoding="utf-8" ?><dwsync><file name="favcity-logo.jpg" server="favoritecitytour.com" local="3653307702" remote="3684787920" Dst="-1" /><file name="rome-tour-carousel.jpg" server="favoritecitytour.com" local="3654885002" remote="3684787920" Dst="-1" /><file name="florence-tour-carousel.jpg" server="favoritecitytour.com" local="3654884149" remote="3684787920" Dst="-1" /><file name="greek-cruise-carousel.jpg" server="favoritecitytour.com" local="3655130438" remote="3684787920" Dst="-1" /><file name="quote.jpg" server="favoritecitytour.com" local="3653492183" remote="3684787920" Dst="-1" /><file name="book.jpg" server="favoritecitytour.com" local="3653492153" remote="3684787920" Dst="-1" /><file name="bargain.jpg" server="favoritecitytour.com" local="3653492127" remote="3684787920" Dst="-1" /><file name="greek-island-tour.jpg" server="favoritecitytour.com" local="3654881710" remote="3684787920" Dst="-1" /><file name="athens-tour.jpg" server="favoritecitytour.com" local="3654884837" remote="3684787920" Dst="-1" /><file name="jacksonville-cruise.jpg" server="favoritecitytour.com" local="3655142218" remote="3684787920" Dst="-1" /><file name="san-francisco-cruise.jpg" server="favoritecitytour.com" local="3654885341" remote="3684790080" Dst="-1" /><file name="matthew.jpg" server="favoritecitytour.com" local="3655061343" remote="3684790080" Dst="-1" /><file name="lainey-start.jpg" server="favoritecitytour.com" local="3654968234" remote="3684790080" Dst="-1" /><file name="elaine.jpg" server="favoritecitytour.com" local="3654695598" remote="3684790080" Dst="-1" /><file name="400X200.gif" server="favoritecitytour.com" local="3651612294" remote="3684790080" Dst="-1" /><file name="sarah.jpg" server="favoritecitytour.com" local="3654696773" remote="3684790080" Dst="-1" /><file name="nyc-tour.jpg" server="favoritecitytour.com" local="3654881938" remote="3684790080" Dst="-1" /><file name="venice-tour.jpg" server="favoritecitytour.com" local="3654883935" remote="3684790080" Dst="-1" /><file name="travel.jpg" server="favoritecitytour.com" local="3654883817" remote="3684790080" Dst="-1" /><file name="normandy-tour.jpg" server="favoritecitytour.com" local="3655140332" remote="3684790080" Dst="-1" /><file name="100X125.gif" server="favoritecitytour.com" local="3651612294" remote="3684790080" Dst="-1" /><file name="1920x500.gif" server="favoritecitytour.com" local="3651612294" remote="3684790080" Dst="-1" /><file name="st-martin-cruise-carousel.jpg" server="favoritecitytour.com" local="3654884233" remote="3684790080" Dst="-1" /><file name="festivals.jpg" server="favoritecitytour.com" local="3655086976" remote="3684790080" Dst="-1" /><file name="nyc-cruise.jpg" server="favoritecitytour.com" local="3655142428" remote="3684790080" Dst="-1" /><file name="miami-cruise-carousel.jpg" server="favoritecitytour.com" local="3654885399" remote="3684790080" Dst="-1" /><file name="sf-cruise.jpg" server="favoritecitytour.com" local="3654885341" remote="3684790080" Dst="-1" /><file name="eric.jpg" server="favoritecitytour.com" local="3654970998" remote="3684790080" Dst="-1" /><file name="nyc-cruise-carousel.jpg" server="favoritecitytour.com" local="3654881997" remote="3684790080" Dst="-1" /><file name="london-tour-carousel.jpg" server="favoritecitytour.com" local="3655126430" remote="3684790080" Dst="-1" /><file name="nyc-tour-carousel.jpg" server="favoritecitytour.com" local="3654882052" remote="3684790080" Dst="-1" /><file name="paris-tour.jpg" server="favoritecitytour.com" local="3655138220" remote="3684790080" Dst="-1" /><file name="san-francisco-tour.jpg" server="favoritecitytour.com" local="3655125868" remote="3684790080" Dst="-1" /><file name="sf-cruise-carousel.jpg" server="favoritecitytour.com" local="3655126339" remote="3684790080" Dst="-1" /><file name="florence-tour.jpg" server="favoritecitytour.com" local="3654883874" remote="3684790080" Dst="-1" /><file name="40X40.gif" server="favoritecitytour.com" local="3651612294" remote="3684790080" Dst="-1" /><file name="london-tour.jpg" server="favoritecitytour.com" local="3655126280" remote="3684790080" Dst="-1" /><file name="sf-tour.jpg" server="favoritecitytour.com" local="3655125868" remote="3684790080" Dst="-1" /><file name="margaret.jpg" server="favoritecitytour.com" local="3655058306" remote="3684790080" Dst="-1" /><file name="greek-cruise.jpg" server="favoritecitytour.com" local="3654884432" remote="3684790080" Dst="-1" /><file name="rome-tour.jpg" server="favoritecitytour.com" local="3655138576" remote="3684790080" Dst="-1" /><file name="ny-tour-carousel.jpg" server="favoritecitytour.com" local="3654882052" remote="3684790080" Dst="-1" /><file name="ny-cruise-carousel.jpg" server="favoritecitytour.com" local="3654881997" remote="3684790080" Dst="-1" /><file name="lainey.jpg" server="favoritecitytour.com" local="3654969418" remote="3684790080" Dst="-1" /><file name="paris-tour-carousel.jpg" server="favoritecitytour.com" local="3654884506" remote="3684790080" Dst="-1" /><file name="venice-tour-carousel.jpg" server="favoritecitytour.com" local="3654885023" remote="3684790080" Dst="-1" /><file name="timessquare.jpg" server="favoritecitytour.com" local="3655084990" remote="3684790080" Dst="-1" /><file name="chicago-tour.jpg" server="favoritecitytour.com" local="3655139683" remote="3684790080" Dst="-1" /></dwsync>