<?xml version="1.0" encoding="utf-8" ?><dwsync><file name="londontour-carousel-finished.jpg" server="favoritecitytour.com" local="3655154714" remote="3684790080" Dst="-1" /><file name="rome-carousel-finished.jpg" server="favoritecitytour.com" local="3655154713" remote="3684790080" Dst="-1" /><file name="venicetour-finished.jpg" server="favoritecitytour.com" local="3655154713" remote="3684790080" Dst="-1" /><file name="sftour-finished.jpg" server="favoritecitytour.com" local="3655154713" remote="3684790080" Dst="-1" /><file name="normandytour-finished.jpg" server="favoritecitytour.com" local="3655154713" remote="3684790080" Dst="-1" /><file name="paristour-finished.jpg" server="favoritecitytour.com" local="3655154713" remote="3684790080" Dst="-1" /><file name="travel-finished.jpg" server="favoritecitytour.com" local="3655154713" remote="3684790080" Dst="-1" /><file name="nyctour-finished.jpg" server="favoritecitytour.com" local="3655154713" remote="3684790080" Dst="-1" /><file name="nyccruise-carousel-finished.jpg" server="favoritecitytour.com" local="3655154713" remote="3684790080" Dst="-1" /><file name="londontour-finished.jpg" server="favoritecitytour.com" local="3655154714" remote="3684790080" Dst="-1" /><file name="favcitylogo-finished.jpg" server="favoritecitytour.com" local="3655154714" remote="3684790080" Dst="-1" /><file name="book-finished.jpg" server="favoritecitytour.com" local="3655154714" remote="3684790080" Dst="-1" /><file name="bargain-finished.jpg" server="favoritecitytour.com" local="3655154714" remote="3684790080" Dst="-1" /><file name="paris-carousel-finished.jpg" server="favoritecitytour.com" local="3655154713" remote="3684790080" Dst="-1" /><file name="st-martin-carousel-finished.jpg" server="favoritecitytour.com" local="3655154713" remote="3684790080" Dst="-1" /><file name="jacksonvillecruise-finished.jpg" server="favoritecitytour.com" local="3655154714" remote="3684790080" Dst="-1" /><file name="elaine-finished.jpg" server="favoritecitytour.com" local="3655154714" remote="3684790080" Dst="-1" /><file name="lainey-finished.jpg" server="favoritecitytour.com" local="3655154714" remote="3684790140" Dst="-1" /><file name="rometour-finished.jpg" server="favoritecitytour.com" local="3655154713" remote="3684790140" Dst="-1" /><file name="margaret-finished.jpg" server="favoritecitytour.com" local="3658704101" remote="3684790140" Dst="-1" /><file name="nyccruise-finished.jpg" server="favoritecitytour.com" local="3655154713" remote="3684790140" Dst="-1" /><file name="festivals-finished.jpg" server="favoritecitytour.com" local="3655154714" remote="3684790140" Dst="-1" /><file name="sarah-finished.jpg" server="favoritecitytour.com" local="3655154713" remote="3684790140" Dst="-1" /><file name="sfcruise-finished.jpg" server="favoritecitytour.com" local="3655154713" remote="3684790140" Dst="-1" /><file name="miamicruise-carousel-finished.jpg" server="favoritecitytour.com" local="3655154713" remote="3684790140" Dst="-1" /><file name="venice-carousel-finished.jpg" server="favoritecitytour.com" local="3655154713" remote="3684790140" Dst="-1" /><file name="quote-finished.jpg" server="favoritecitytour.com" local="3655154713" remote="3684790140" Dst="-1" /><file name="florencetour-finished.jpg" server="favoritecitytour.com" local="3655154714" remote="3684790140" Dst="-1" /><file name="matthew-finished.jpg" server="favoritecitytour.com" local="3655154713" remote="3684790140" Dst="-1" /><file name="sf-carousel-finished.jpg" server="favoritecitytour.com" local="3655154713" remote="3684790140" Dst="-1" /><file name="chicagotour-finished.jpg" server="favoritecitytour.com" local="3655154714" remote="3684790140" Dst="-1" /><file name="nyctour-carousel-finished.jpg" server="favoritecitytour.com" local="3655154713" remote="3684790140" Dst="-1" /><file name="timessquare-finished.jpg" server="favoritecitytour.com" local="3655154713" remote="3684790140" Dst="-1" /><file name="eric-finished.jpg" server="favoritecitytour.com" local="3655154714" remote="3684790140" Dst="-1" /></dwsync>